<?xml version="1.0" encoding="utf-8" ?>
<Patch>

<Operation Class="AssignMealTemp">
	<Meals>
		<li>
			<name>VBE_AmbrandyAwful</name>
			<type>None</type>
		</li>
		<li>
			<name>VBE_AmbrandyPoor</name>
			<type>None</type>
		</li>
		<li>
			<name>VBE_AmbrandyNormal</name>
			<type>None</type>
		</li>
		<li>
			<name>VBE_AmbrandyGood</name>
			<type>None</type>
		</li>
		<li>
			<name>VBE_AmbrandyExcellent</name>
			<type>None</type>
		</li>
		<li>
			<name>VBE_AmbrandyMasterwork</name>
			<type>None</type>
		</li>
		<li>
			<name>VBE_AmbrandyLegendary</name>
			<type>None</type>
		</li>
		<li>
			<name>VBE_Gin</name>
			<type>ColdDrink</type>
		</li>
		<li>
			<name>VBE_Tequila</name>
			<type>ColdDrink</type>
		</li>
		<li>
			<name>VBE_Vodka</name>
			<type>ColdDrink</type>
		</li>
		<li>
			<name>VBE_Whiskey</name>
			<type>ColdDrink</type>
		</li>
		<li>
			<name>VBE_DoubleWhiskey</name>
			<type>ColdDrink</type>
		</li>
		<li>
			<name>VBE_HotCoffee</name>
			<type>HotDrink</type>
		</li>
		<li>
			<name>VBE_IceCoffee</name>
			<type>ColdDrink</type>
		</li>
		<li>
			<name>VBE_EnergyDrink</name>
			<type>ColdDrink</type>
		</li>
		<li>
			<name>VBE_Juice</name>
			<type>ColdDrink</type>
		</li>
		<li>
			<name>VBE_Soda</name>
			<type>ColdDrink</type>
		</li>
		<li>
			<name>VBE_Tea</name>
			<type>HotDrink</type>
		</li>
		<li>
			<name>VBE_SimpleCocktail</name>
			<type>ColdDrink</type>
		</li>
		<li>
			<name>VBE_FineCocktail</name>
			<type>ColdDrink</type>
		</li>
		<li>
			<name>VBE_LavishCocktail</name>
			<type>ColdDrink</type>
		</li>
		<li>
			<name>VBE_GourmetCocktail</name>
			<type>ColdDrink</type>
		</li>
	</Meals>
</Operation>

</Patch>