<?xml version="1.0" encoding="utf-8" ?>
<Patch>

<Operation Class="AssignMealTemp">
	<Meals>
		<li>
			<name>IAmHungry_Bread</name>
			<type>HotMeal</type>
		</li>
		<li>
			<name>IAmHungry_Shrimp</name>
			<type>HotMeal</type>
		</li>
		<li>
			<name>IAmHungry_Knuckle</name>
			<type>HotMeal</type>
		</li>
		<li>
			<name>MealComplete</name>
			<type>HotMeal</type>
		</li>
		<li>
			<name>MealExquisite</name>
			<type>HotMeal</type>
		</li>
		<li>
			<name>PackedLunch</name>
			<type>NonPerishable</type>
		</li>
		<li>
			<name>IAmHungry_Popcorn</name>
			<type>HotMeal</type>
		</li>
		<li>
			<name>IAmHungry_RawWheat</name>
			<type>RawResource</type>
		</li>
		<li>
			<name>IAmHungry_Flour</name>
			<type>RawResource</type>
		</li>
		<li>
			<name>IAmHungry_BakedGoods</name>
			<type>HotMeal</type>
		</li>
		<li>
			<name>IAmHungry_Haunch</name>
			<type>HotMeal</type>
		</li>
		<li>
			<name>IAmHungry_Salmon</name>
			<type>HotMeal</type>
		</li>
		<li>
			<name>IAmHungry_Steak</name>
			<type>HotMeal</type>
		</li>
	</Meals>
</Operation>

</Patch>