﻿<?xml version="1.0" encoding="utf-8" ?>
<Defs>
  
   <StatDef>
    <defName>DFoodTypeStat</defName>
	<workerClass>DHotMeals.StatWorker_FoodType</workerClass>
    <label>food type</label>
    <labelForFullStatList>food type</labelForFullStatList>
    <description>The type and temperature preference of this food.</description>
    <category>DThermodynamicsStatCat</category>
    <hideAtValue>-1</hideAtValue>
	<!--<showIfUndefined>false</showIfUndefined>-->
    <displayPriorityInCategory>2</displayPriorityInCategory>
  </StatDef>

</Defs>
